name,industry,symbol
3M India Ltd.,SERVICES,3MINDIA
ABB India Ltd.,INDUSTRIAL MANUFACTURING,ABB
ABG Shipyard Ltd.,INDUSTRIAL MANUFACTURING,ABGSHIP
ACC Ltd.,CEMENT & CEMENT PRODUCTS,ACC
AIA Engineering Ltd.,INDUSTRIAL MANUFACTURING,AIAENG
Aarti Industries Ltd.,CHEMICALS,AARTIIND
Aban Offshore Ltd.,ENERGY,ABAN
Adani Ports and Special Economic Zone Ltd.,SERVICES,ADANIPORTS
Adani Power Ltd.,ENERGY,ADANIPOWER
Adlabs Entertainment Ltd.,SERVICES,ADLABS
Advanta Ltd.,CONSUMER GOODS,ADVANTA
Agro Tech Foods Ltd.,CONSUMER GOODS,ATFL
Ajanta Pharmaceuticals Ltd.,PHARMA,AJANTPHARM
Akzo Nobel India Ltd.,CONSUMER GOODS,AKZOINDIA
Alembic Pharmaceuticals Ltd.,PHARMA,APLLTD
Allahabad Bank,FINANCIAL SERVICES,ALBK
Allcargo Logistics Ltd.,SERVICES,ALLCARGO
Alok Industries Ltd.,TEXTILES,ALOKTEXT
Alstom India Ltd.,INDUSTRIAL MANUFACTURING,AIL
Alstom T&D India Ltd.,INDUSTRIAL MANUFACTURING,ALSTOMT&D
Amara Raja Batteries Ltd.,AUTOMOBILE,AMARAJABAT
Ambuja Cements Ltd.,CEMENT & CEMENT PRODUCTS,AMBUJACEM
Amtek Auto Ltd.,AUTOMOBILE,AMTEKAUTO
Anant Raj Ltd.,CONSTRUCTION,ANANTRAJ
Andhra Bank,FINANCIAL SERVICES,ANDHRABANK
Apar Industries Ltd.,INDUSTRIAL MANUFACTURING,APARINDS
Apollo Hospitals Enterprises Ltd.,HEALTHCARE SERVICES,APOLLOHOSP
Apollo Tyres Ltd.,AUTOMOBILE,APOLLOTYRE
Asahi India Glass Ltd.,AUTOMOBILE,ASAHIINDIA
Ashok Leyland Ltd.,AUTOMOBILE,ASHOKLEY
Ashoka Buildcon Ltd.,CONSTRUCTION,ASHOKA
Asian Paints Ltd.,CONSUMER GOODS,ASIANPAINT
AstraZenca Pharma India Ltd.,PHARMA,ASTRAZEN
Astral Poly Technik Ltd.,INDUSTRIAL MANUFACTURING,ASTRAL
Atul Ltd.,CHEMICALS,ATUL
Aurobindo Pharma Ltd.,PHARMA,AUROPHARMA
Automotive Axles Ltd.,AUTOMOBILE,AUTOAXLES
Axis Bank Ltd.,FINANCIAL SERVICES,AXISBANK
BASF India Ltd.,CHEMICALS,BASF
BEML Ltd.,INDUSTRIAL MANUFACTURING,BEML
BF Utilities Ltd.,CONSTRUCTION,BFUTILITIE
Bajaj Auto Ltd.,AUTOMOBILE,BAJAJ-AUTO
Bajaj Corp Ltd.,CONSUMER GOODS,BAJAJCORP
Bajaj Electricals Ltd,CONSUMER GOODS,BAJAJELEC
Bajaj Finance Ltd.,FINANCIAL SERVICES,BAJFINANCE
Bajaj Finserv Ltd.,FINANCIAL SERVICES,BAJAJFINSV
Bajaj Hindusthan Sugar Ltd.,CONSUMER GOODS,BAJAJHIND
Bajaj Holdings & Investment Ltd.,FINANCIAL SERVICES,BAJAJHLDNG
Balkrishna Industries Ltd.,AUTOMOBILE,BALKRISIND
Ballarpur Industries Ltd.,PAPER,BALLARPUR
Balmer Lawrie & Co. Ltd.,SERVICES,BALMLAWRIE
Balrampur Chini Mills Ltd.,CONSUMER GOODS,BALRAMCHIN
Bank of Baroda,FINANCIAL SERVICES,BANKBARODA
Bank of India,FINANCIAL SERVICES,BANKINDIA
Bata India Ltd.,CONSUMER GOODS,BATAINDIA
Berger Paints India Ltd.,CONSUMER GOODS,BERGEPAINT
Bharat Electronics Ltd.,INDUSTRIAL MANUFACTURING,BEL
Bharat Forge Ltd.,INDUSTRIAL MANUFACTURING,BHARATFORG
Bharat Heavy Electricals Ltd.,INDUSTRIAL MANUFACTURING,BHEL
Bharat Petroleum Corporation Ltd.,ENERGY,BPCL
Bharti Airtel Ltd.,TELECOM,BHARTIARTL
Bharti Infratel Ltd.,TELECOM,INFRATEL
Bhushan Steel Ltd.,METALS,BHUSANSTL
Biocon Ltd.,PHARMA,BIOCON
Birla Corporation Ltd.,CEMENT & CEMENT PRODUCTS,BIRLACORPN
Blue Dart Express Ltd.,SERVICES,BLUEDART
Blue Star Ltd.,CONSUMER GOODS,BLUESTARCO
Bombay Burmah Trading Corporation Ltd.,CONSUMER GOODS,BBTC
Bombay Dyeing & Manufacturing Co. Ltd.,TEXTILES,BOMDYEING
Bosch Ltd.,AUTOMOBILE,BOSCHLTD
Brigade Enterprises Ltd.,CONSTRUCTION,BRIGADE
Britannia Industries Ltd.,CONSUMER GOODS,BRITANNIA
CARE Ltd.,FINANCIAL SERVICES,CARERATING
CESC Ltd.,ENERGY,CESC
CRISIL Ltd.,FINANCIAL SERVICES,CRISIL
Cadila Healthcare Ltd.,PHARMA,CADILAHC
Cairn India Ltd.,ENERGY,CAIRN
Camlin Fine Sciences Ltd.,CHEMICALS,CAMLINFINE
Can Fin Homes Ltd.,FINANCIAL SERVICES,CANFINHOME
Canara Bank,FINANCIAL SERVICES,CANBK
Capital First Ltd.,FINANCIAL SERVICES,CAPF
Carborundum Universal Ltd.,INDUSTRIAL MANUFACTURING,CARBORUNIV
Castex Technologies Ltd.,AUTOMOBILE,CASTEXTECH
Castrol India Ltd.,ENERGY,CASTROLIND
Ceat Ltd.,AUTOMOBILE,CEATLTD
Central Bank of India,FINANCIAL SERVICES,CENTRALBK
Century Enka Ltd.,TEXTILES,CENTENKA
Century Plyboards (India) Ltd.,CONSUMER GOODS,CENTURYPLY
Century Textile & Industries Ltd.,CEMENT & CEMENT PRODUCTS,CENTURYTEX
Chambal Fertilizers & Chemicals Ltd.,FERTILISERS & PESTICIDES,CHAMBLFERT
Chennai Petroleum Corporation Ltd.,ENERGY,CHENNPETRO
Cholamandalam Investment and Finance Company Ltd.,FINANCIAL SERVICES,CHOLAFIN
Cipla Ltd.,PHARMA,CIPLA
City Union Bank Ltd.,FINANCIAL SERVICES,CUB
Clariant Chemicals (India) Ltd.,CHEMICALS,CLNINDIA
Coal India Ltd.,METALS,COALINDIA
Colgate Palmolive (India) Ltd.,CONSUMER GOODS,COLPAL
Container Corporation of India Ltd.,SERVICES,CONCOR
Coromandel International Ltd.,FERTILISERS & PESTICIDES,COROMANDEL
Corporation Bank,FINANCIAL SERVICES,CORPBANK
Cox & Kings Ltd.,SERVICES,COX&KINGS
Cummins India Ltd.,INDUSTRIAL MANUFACTURING,CUMMINSIND
Cyient Ltd.,IT,CYIENT
D B Realty Ltd.,CONSTRUCTION,DBREALTY
D.B.Corp Ltd.,MEDIA & ENTERTAINMENT,DBCORP
DCB Bank Ltd.,FINANCIAL SERVICES,DCBBANK
DCM Shriram Ltd.,CONSUMER GOODS,DCMSHRIRAM
DLF Ltd.,CONSTRUCTION,DLF
Dabur India Ltd.,CONSUMER GOODS,DABUR
Deepak Fertilisers & Petrochemicals Corp. Ltd.,CHEMICALS,DEEPAKFERT
Delta Corp Ltd.,CONSTRUCTION,DELTACORP
Den Networks Ltd.,MEDIA & ENTERTAINMENT,DEN
Dena Bank,FINANCIAL SERVICES,DENABANK
Dewan Housing Finance Corporation Ltd.,FINANCIAL SERVICES,DHFL
Dhanlaxmi Bank Ltd.,FINANCIAL SERVICES,DHANBANK
Dishman Pharmaceuticals & Chemicals Ltd.,PHARMA,DISHMAN
Divi's Laboratories Ltd.,PHARMA,DIVISLAB
Dr. Reddy's Laboratories Ltd.,PHARMA,DRREDDY
Dredging Corporation of India Ltd.,SERVICES,DREDGECORP
Dynamatic Technologies Ltd.,AUTOMOBILE,DYNAMATECH
E.I.D. Parry (India) Ltd.,FERTILISERS & PESTICIDES,EIDPARRY
EIH Ltd.,SERVICES,EIHOTEL
ESAB India Ltd.,INDUSTRIAL MANUFACTURING,ESABINDIA
Edelweiss Financial Services Ltd.,FINANCIAL SERVICES,EDELWEISS
Eicher Motors Ltd.,AUTOMOBILE,EICHERMOT
Electrosteel Castings Ltd.,INDUSTRIAL MANUFACTURING,ELECTCAST
Elgi Equipments Ltd.,INDUSTRIAL MANUFACTURING,ELGIEQUIP
Emami Ltd.,CONSUMER GOODS,EMAMILTD
Engineers India Ltd.,CONSTRUCTION,ENGINERSIN
Entertainment Network India Ltd.,MEDIA & ENTERTAINMENT,ENIL
Eros Intl Media Ltd.,MEDIA & ENTERTAINMENT,EROSMEDIA
Escorts Ltd.,AUTOMOBILE,ESCORTS
Ess Dee Aluminium Ltd.,INDUSTRIAL MANUFACTURING,ESSDEE
Essel Propack Ltd.,INDUSTRIAL MANUFACTURING,ESSELPACK
Eveready Industries India Ltd.,CONSUMER GOODS,EVEREADY
Exide Industries Ltd.,AUTOMOBILE,EXIDEIND
FDC Ltd.,PHARMA,FDC
Fag Bearings India Ltd.,INDUSTRIAL MANUFACTURING,FAGBEARING
Federal Bank Ltd.,FINANCIAL SERVICES,FEDERALBNK
Federal-Mogul Goetze (India) Ltd.,AUTOMOBILE,FMGOETZE
Financial Technologies (India) Ltd.,IT,FINANTECH
Finolex Cables Ltd.,INDUSTRIAL MANUFACTURING,FINCABLES
Finolex Industries Ltd.,INDUSTRIAL MANUFACTURING,FINPIPE
Firstsource Solutions Ltd.,IT,FSL
Flexituff International Ltd.,INDUSTRIAL MANUFACTURING,FLEXITUFF
Fortis Healthcare Ltd.,HEALTHCARE SERVICES,FORTIS
Future Consumer Enterprise Ltd.,CONSUMER GOODS,FCEL
Future Lifestyle Fashions Ltd.,CONSUMER GOODS,FLFL
Future Retail Ltd.,CONSUMER GOODS,FRL
GAIL (India) Ltd.,ENERGY,GAIL
GHCL Ltd.,CHEMICALS,GHCL
GMR Infrastructure Ltd.,CONSTRUCTION,GMRINFRA
GTL Infrastructure Ltd.,TELECOM,GTLINFRA
GVK Power & Infrastructures Ltd.,CONSTRUCTION,GVKPIL
Gabriel India Ltd.,AUTOMOBILE,GABRIEL
Gammon Infrastructure Projects Ltd.,CONSTRUCTION,GAMMNINFRA
Gateway Distriparks Ltd.,SERVICES,GDL
Gati Ltd.,SERVICES,GATI
Geojit BNP Paribas Financial Services Ltd.,FINANCIAL SERVICES,GEOJITBNPP
Geometric Ltd.,IT,GEOMETRIC
Gillette India Ltd.,CONSUMER GOODS,GILLETTE
Gitanjali Gems Ltd.,CONSUMER GOODS,GITANJALI
GlaxoSmithkline Consumer Healthcare Ltd.,CONSUMER GOODS,GSKCONS
Glaxosmithkline Pharmaceuticals Ltd.,PHARMA,GLAXO
Glenmark Pharmaceuticals Ltd.,PHARMA,GLENMARK
Godfrey Phillips India Ltd.,CONSUMER GOODS,GODFRYPHLP
Godrej Consumer Products Ltd.,CONSUMER GOODS,GODREJCP
Godrej Industries Ltd.,CONSUMER GOODS,GODREJIND
Godrej Properties Ltd.,CONSTRUCTION,GODREJPROP
Graphite India Ltd.,INDUSTRIAL MANUFACTURING,GRAPHITE
Grasim Industries Ltd.,CEMENT & CEMENT PRODUCTS,GRASIM
Great Eastern Shipping Co. Ltd.,SERVICES,GESHIP
Greaves Cotton Ltd.,INDUSTRIAL MANUFACTURING,GREAVESCOT
Gruh Finance Ltd.,FINANCIAL SERVICES,GRUH
Gujarat Alkalies & Chemicals Ltd.,CHEMICALS,GUJALKALI
Gujarat Fluorochemicals Ltd.,CHEMICALS,GUJFLUORO
Gujarat Industries Power Co. Ltd.,ENERGY,GIPCL
Gujarat Mineral Development Corporation Ltd.,METALS,GMDCLTD
Gujarat Narmada Valley Fertilizers and Chemicals Ltd.,CHEMICALS,GNFC
Gujarat Pipavav Port Ltd.,SERVICES,GPPL
Gujarat State Fertilizers & Chemicals Ltd.,FERTILISERS & PESTICIDES,GSFC
Gujarat State Petronet Ltd.,ENERGY,GSPL
Gulf Oil Lubricants India Ltd.,ENERGY,GULFOILLUB
H.E.G. Ltd.,INDUSTRIAL MANUFACTURING,HEG
HCL Infosystems Ltd.,IT,HCL-INSYS
HCL Technologies Ltd.,IT,HCLTECH
HDFC Bank Ltd.,FINANCIAL SERVICES,HDFCBANK
HSIL Ltd.,CONSUMER GOODS,HSIL
HT Media Ltd.,MEDIA & ENTERTAINMENT,HTMEDIA
Hathway Cable & Datacom Ltd.,MEDIA & ENTERTAINMENT,HATHWAY
Havells India Ltd.,CONSUMER GOODS,HAVELLS
Heritage Foods Ltd.,CONSUMER GOODS,HERITGFOOD
Hero MotoCorp Ltd.,AUTOMOBILE,HEROMOTOCO
Hexaware Technologies Ltd.,IT,HEXAWARE
Himachal Fut Com Ltd.,TELECOM,HFCL
Himatsingka Seide Ltd.,TEXTILES,HIMATSEIDE
Hindalco Industries Ltd.,METALS,HINDALCO
Hindustan Construction Co. Ltd.,CONSTRUCTION,HCC
Hindustan Copper Ltd.,METALS,HINDCOPPER
Hindustan Petroleum Corporation Ltd.,ENERGY,HINDPETRO
Hindustan Unilever Ltd.,CONSUMER GOODS,HINDUNILVR
Hindustan Zinc Ltd.,METALS,HINDZINC
Honeywell Automation India Ltd.,INDUSTRIAL MANUFACTURING,HONAUT
Housing Development Finance Corporation Ltd.,FINANCIAL SERVICES,HDFC
Housing Development and Infrastructure Ltd.,CONSTRUCTION,HDIL
I T C Ltd.,CONSUMER GOODS,ITC
ICICI Bank Ltd.,FINANCIAL SERVICES,ICICIBANK
ICRA Ltd.,FINANCIAL SERVICES,ICRA
IDBI Bank Ltd.,FINANCIAL SERVICES,IDBI
IFCI Ltd.,FINANCIAL SERVICES,IFCI
IIFL Holdings Ltd.,FINANCIAL SERVICES,IIFL
IL&FS Engineering and Construction Company Ltd.,CONSTRUCTION,IL&FSENGG
IL&FS Transportation Networks Ltd.,SERVICES,IL&FSTRANS
IRB Infrastructure Developers Ltd.,CONSTRUCTION,IRB
ITD Cementation India Ltd.,CONSTRUCTION,ITDCEM
IVRCL Ltd.,CONSTRUCTION,IVRCLINFRA
Idea Cellular Ltd.,TELECOM,IDEA
India Cements Ltd.,CEMENT & CEMENT PRODUCTS,INDIACEM
Indiabulls Housing Finance Ltd.,FINANCIAL SERVICES,IBULHSGFIN
Indiabulls Real Estate Ltd.,CONSTRUCTION,IBREALEST
Indiabulls Ventures Ltd.,FINANCIAL SERVICES,IBVENTURES
Indian Bank,FINANCIAL SERVICES,INDIANB
Indian Hotels Co. Ltd.,SERVICES,INDHOTEL
Indian Oil Corporation Ltd.,ENERGY,IOC
Indian Overseas Bank ,FINANCIAL SERVICES,IOB
Indraprastha Gas Ltd.,ENERGY,IGL
IndusInd Bank Ltd.,FINANCIAL SERVICES,INDUSINDBK
Info Edge (India) Ltd.,IT,NAUKRI
Infosys Ltd.,IT,INFY
Ingersoll Rand (India) Ltd.,INDUSTRIAL MANUFACTURING,INGERRAND
Inox Leisure Ltd.,MEDIA & ENTERTAINMENT,INOXLEISUR
Inox Wind Ltd.,INDUSTRIAL MANUFACTURING,INOXWIND
Ipca Laboratories Ltd.,PHARMA,IPCALAB
J.B. Chemicals & Pharmaceuticals Ltd.,PHARMA,JBCHEPHARM
J.K. Cement Ltd.,CEMENT & CEMENT PRODUCTS,JKCEMENT
J.Kumar Infraprojects Ltd.,CONSTRUCTION,JKIL
JBF Industries Ltd.,TEXTILES,JBFIND
JK Lakshmi Cement Ltd.,CEMENT & CEMENT PRODUCTS,JKLAKSHMI
JK Tyre & Industries Ltd.,AUTOMOBILE,JKTYRE
JM Financial Ltd.,FINANCIAL SERVICES,JMFINANCIL
JSW Energy Ltd.,ENERGY,JSWENERGY
JSW Holdings Ltd.,FINANCIAL SERVICES,JSWHL
JSW Steel Ltd.,METALS,JSWSTEEL
Jagran Prakashan Ltd.,MEDIA & ENTERTAINMENT,JAGRAN
Jai Corp Ltd.,INDUSTRIAL MANUFACTURING,JAICORPLTD
Jain Irrigation Systems Ltd.,INDUSTRIAL MANUFACTURING,JISLJALEQS
Jaiprakash Associates Ltd.,CEMENT & CEMENT PRODUCTS,JPASSOCIAT
Jaiprakash Power Ventures Ltd.,ENERGY,JPPOWER
Jammu & Kashmir Bank Ltd.,FINANCIAL SERVICES,J&KBANK
Jaypee Infratech Ltd.,SERVICES,JPINFRATEC
Jindal Saw Ltd.,METALS,JINDALSAW
Jindal Steel & Power Ltd.,METALS,JINDALSTEL
Jubilant Foodworks Ltd.,CONSUMER GOODS,JUBLFOOD
Jubilant Life Sciences Ltd.,PHARMA,JUBILANT
Justdial Ltd.,IT,JUSTDIAL
Jyothy Laboratories Ltd.,CONSUMER GOODS,JYOTHYLAB
Jyoti Structures Ltd.,ENERGY,JYOTISTRUC
K.P.R. Mill Ltd.,TEXTILES,KPRMILL
KCP Ltd.,CEMENT & CEMENT PRODUCTS,KCP
KNR Constructions Ltd.,CONSTRUCTION,KNRCON
KPIT Technologies Ltd.,IT,KPIT
KRBL Ltd.,CONSUMER GOODS,KRBL
KSB Pumps Ltd.,INDUSTRIAL MANUFACTURING,KSBPUMPS
KSK Energy Ventures Ltd,ENERGY,KSK
Kajaria Ceramics Ltd.,CONSTRUCTION,KAJARIACER
Kalpataru Power Transmission Ltd.,ENERGY,KALPATPOWR
Kansai Nerolac Paints Ltd.,CONSUMER GOODS,KANSAINER
Karnataka Bank Ltd.,FINANCIAL SERVICES,KTKBANK
Karur Vysya Bank Ltd.,FINANCIAL SERVICES,KARURVYSYA
Kaveri Seed Company Ltd.,CONSUMER GOODS,KSCL
Kec International Ltd.,CONSTRUCTION,KEC
Kewal Kiran Clothing Ltd.,TEXTILES,KKCL
Kitex Garments Ltd.,TEXTILES,KITEX
Kolte-Patil Developers Ltd.,CONSTRUCTION,KOLTEPATIL
Kotak Mahindra Bank Ltd.,FINANCIAL SERVICES,KOTAKBANK
L&T Finance Holdings Ltd.,FINANCIAL SERVICES,L&TFH
LG Balakrishnan & Bros Ltd.,AUTOMOBILE,LGBBROSLTD
LIC Housing Finance Ltd.,FINANCIAL SERVICES,LICHSGFIN
La Opala RG Ltd.,CONSUMER GOODS,LAOPALA
Lakshmi Machine Works Ltd.,INDUSTRIAL MANUFACTURING,LAXMIMACH
Lakshmi Vilas Bank Ltd.,FINANCIAL SERVICES,LAKSHVILAS
Lanco Infratech Ltd.,ENERGY,LITL
Larsen & Toubro Ltd.,CONSTRUCTION,LT
Linde India Ltd.,CHEMICALS,LINDEINDIA
Lupin Ltd.,PHARMA,LUPIN
MBL Infrastructures Ltd.,CONSTRUCTION,MBLINFRA
MMTC Ltd.,SERVICES,MMTC
MOIL Ltd.,METALS,MOIL
MRF Ltd.,AUTOMOBILE,MRF
MT Educare Ltd.,SERVICES,MTEDUCARE
Magma Fincorp Ltd.,FINANCIAL SERVICES,MAGMA
Maharashtra Scooters Ltd.,AUTOMOBILE,MAHSCOOTER
Maharashtra Seamless Ltd.,METALS,MAHSEAMLES
Mahindra & Mahindra Financial Services Ltd.,FINANCIAL SERVICES,M&MFIN
Mahindra & Mahindra Ltd.,AUTOMOBILE,M&M
Mahindra Holidays & Resorts India Ltd.,SERVICES,MHRIL
Mahindra Lifespace Developers Ltd.,CONSTRUCTION,MAHLIFE
Mandhana Industries Ltd.,TEXTILES,MANDHANA
Mangalore Refinery & Petrochemicals Ltd.,ENERGY,MRPL
Marico Ltd.,CONSUMER GOODS,MARICO
Marksans Pharma Ltd.,PHARMA,MARKSANS
Maruti Suzuki India Ltd.,AUTOMOBILE,MARUTI
Mayur Uniquoters Ltd.,TEXTILES,MAYURUNIQ
McLeod Russel India Ltd.,CONSUMER GOODS,MCLEODRUSS
Mercator Ltd.,METALS,MERCATOR
Merck Ltd.,PHARMA,MERCK
Metalyst Forgings Ltd.,INDUSTRIAL MANUFACTURING,METALFORGE
MindTree Ltd.,IT,MINDTREE
Monsanto India Ltd.,FERTILISERS & PESTICIDES,MONSANTO
Motherson Sumi Systems Ltd.,AUTOMOBILE,MOTHERSUMI
Motilal Oswal Financial Services Ltd.,FINANCIAL SERVICES,MOTILALOFS
MphasiS Ltd.,IT,MPHASIS
Munjal Showa Ltd.,AUTOMOBILE,MUNJALSHOW
Muthoot Finance Ltd.,FINANCIAL SERVICES,MUTHOOTFIN
NATCO Pharma Ltd.,PHARMA,NATCOPHARM
NCC Ltd.,CONSTRUCTION,NCC
NDTV Ltd.,MEDIA & ENTERTAINMENT,NDTV
NHPC Ltd.,ENERGY,NHPC
NIIT Ltd.,IT,NIITLTD
NIIT Technologies Ltd.,IT,NIITTECH
NMDC Ltd.,METALS,NMDC
NOCIL Ltd.,CHEMICALS,NOCIL
NTPC Ltd.,ENERGY,NTPC
National Aluminium Co. Ltd.,METALS,NATIONALUM
National Buildings Construction Corporation Ltd.,CONSTRUCTION,NBCC
Nava Bharat Ventures Ltd.,ENERGY,NBVENTURES
Navneet Education Ltd.,MEDIA & ENTERTAINMENT,NAVNETEDUL
Network18 Media & Investments Ltd.,MEDIA & ENTERTAINMENT,NETWORK18
Neyveli Lignite Corporation Ltd.,ENERGY,NEYVELILIG
Nitin Fire Protection Industries Ltd.,INDUSTRIAL MANUFACTURING,NITINFIRE
Noida-Toll Bridge Co. Ltd.,SERVICES,NOIDATOLL
Oberoi Realty Ltd.,CONSTRUCTION,OBEROIRLTY
Oil & Natural Gas Corporation Ltd.,ENERGY,ONGC
Oil India Ltd.,ENERGY,OIL
Omaxe Ltd.,CONSTRUCTION,OMAXE
Opto Circuits (I) Ltd.,PHARMA,OPTOCIRCUI
Oracle Financial Services Software Ltd.,IT,OFSS
Orient Cement Ltd.,CEMENT & CEMENT PRODUCTS,ORIENTCEM
Oriental Bank of Commerce,FINANCIAL SERVICES,ORIENTBANK
Orissa Min Dev Co Ltd.,METALS,ORISSAMINE
Oswal Chemicals & Fertilizers Ltd.,CONSTRUCTION,BINDALAGRO
PI Industries Ltd.,FERTILISERS & PESTICIDES,PIIND
PNC Infratech Ltd.,CONSTRUCTION,PNCINFRA
PTC India Fin Serv Ltd.,FINANCIAL SERVICES,PFS
PTC India Ltd.,ENERGY,PTC
PVR Ltd.,MEDIA & ENTERTAINMENT,PVR
Page Industries Ltd.,TEXTILES,PAGEIND
Parsvnath Developer Ltd.,CONSTRUCTION,PARSVNATH
Patel Engineering Ltd.,CONSTRUCTION,PATELENG
Peninsula Land Ltd.,CONSTRUCTION,PENINLAND
Pennar Industries Ltd.,METALS,PENIND
Persistent Systems Ltd.,IT,PERSISTENT
Petronet LNG Ltd.,ENERGY,PETRONET
Pfizer Ltd.,PHARMA,PFIZER
Phoenix Mills Ltd.,CONSTRUCTION,PHOENIXLTD
Pidilite Industries Ltd.,CHEMICALS,PIDILITIND
Pipavav Defence and Offshore Engineering Company Ltd.,INDUSTRIAL MANUFACTURING,PIPAVAVDOC
Piramal Enterprises Ltd.,PHARMA,PEL
Power Finance Corporation Ltd.,FINANCIAL SERVICES,PFC
Power Grid Corporation of India Ltd.,ENERGY,POWERGRID
Praj Industries Ltd.,INDUSTRIAL MANUFACTURING,PRAJIND
Prakash Industries Ltd.,METALS,PRAKASH
Prestige Estates Projects Ltd.,CONSTRUCTION,PRESTIGE
Prism Cement Ltd.,CEMENT & CEMENT PRODUCTS,PRISMCEM
Procter & Gamble Hygiene & Health Care Ltd.,CONSUMER GOODS,PGHH
Punj Lloyd Ltd.,CONSTRUCTION,PUNJLLOYD
Punjab National Bank,FINANCIAL SERVICES,PNB
Puravankara Projects Ltd.,CONSTRUCTION,PURVA
Radico Khaitan Ltd,CONSUMER GOODS,RADICO
Rain Industries Ltd,CHEMICALS,RAIN
Rajesh Exports Ltd.,CONSUMER GOODS,RAJESHEXPO
Rallis India Ltd.,FERTILISERS & PESTICIDES,RALLIS
Rashtriya Chemicals & Fertilizers Ltd.,FERTILISERS & PESTICIDES,RCF
Ratnamani Metals & Tubes Ltd.,METALS,RATNAMANI
Raymond Ltd.,TEXTILES,RAYMOND
Redington (India) Ltd.,SERVICES,REDINGTON
Reliance Capital Ltd.,FINANCIAL SERVICES,RELCAPITAL
Reliance Communications Ltd.,TELECOM,RCOM
Reliance Industrial Infrastructure Ltd.,INDUSTRIAL MANUFACTURING,RIIL
Reliance Industries Ltd.,ENERGY,RELIANCE
Reliance Infrastructure Ltd.,ENERGY,RELINFRA
Reliance Power Ltd.,ENERGY,RPOWER
Religare Enterprises Ltd.,FINANCIAL SERVICES,RELIGARE
Repco Home Finance Ltd.,FINANCIAL SERVICES,REPCOHOME
Rico Auto Industries Ltd.,AUTOMOBILE,RICOAUTO
Rolta India Ltd.,IT,ROLTA
Ruchi Soya Industries Ltd.,CONSUMER GOODS,RUCHISOYA
Rural Electrification Corporation Ltd.,FINANCIAL SERVICES,RECLTD
S.E. Investments Ltd.,FINANCIAL SERVICES,SEINV
SKF India Ltd.,INDUSTRIAL MANUFACTURING,SKFINDIA
SKS Microfinance Ltd.,FINANCIAL SERVICES,SKSMICRO
SREI Infrastructure Finance Ltd.,FINANCIAL SERVICES,SREINFRA
SRF Ltd.,TEXTILES,SRF
Sadbhav Engineering Ltd,CONSTRUCTION,SADBHAV
Sanofi India Ltd.,PHARMA,SANOFI
Shanthi Gears Ltd.,AUTOMOBILE,SHANTIGEAR
Shipping Corporation of India Ltd.,SERVICES,SCI
Shoppers Stop Ltd.,CONSUMER GOODS,SHOPERSTOP
Shree Cement Ltd.,CEMENT & CEMENT PRODUCTS,SHREECEM
Shree Renuka Sugars Ltd.,CONSUMER GOODS,RENUKA
Shrenuj & Co. Ltd.,CONSUMER GOODS,SHRENUJ
Shriram City Union Finance Ltd.,FINANCIAL SERVICES,SHRIRAMCIT
Shriram Transport Finance Co. Ltd.,FINANCIAL SERVICES,SRTRANSFIN
Siemens Ltd.,INDUSTRIAL MANUFACTURING,SIEMENS
Simplex Infrastructures Ltd.,CONSTRUCTION,SIMPLEXINF
Sintex Industries Ltd.,INDUSTRIAL MANUFACTURING,SINTEX
Siti Cable Network Ltd.,MEDIA & ENTERTAINMENT,SITICABLE
Sobha Ltd.,CONSTRUCTION,SOBHA
Sona Koyo Steering Systems Ltd.,AUTOMOBILE,SONASTEER
Sonata Software Ltd.,IT,SONATSOFTW
South Indian Bank Ltd.,FINANCIAL SERVICES,SOUTHBANK
Srikalahasthi Pipes Ltd.,METALS,SRIPIPES
State Bank of Bikaner & Jaipur Ltd.,FINANCIAL SERVICES,SBBJ
State Bank of India,FINANCIAL SERVICES,SBIN
State Bank of Travancore,FINANCIAL SERVICES,SBT
Steel Authority of India Ltd.,METALS,SAIL
Sterlite Technologies Ltd.,INDUSTRIAL MANUFACTURING,STRTECH
Strides Arcolab Ltd.,PHARMA,STAR
Sun Pharma Advanced Research Company Ltd.,PHARMA,SPARC
Sun Pharmaceutical Industries Ltd.,PHARMA,SUNPHARMA
Sun TV Network Ltd.,MEDIA & ENTERTAINMENT,SUNTV
Sundaram Finance Ltd.,FINANCIAL SERVICES,SUNDARMFIN
Sundram Fasteners Ltd.,AUTOMOBILE,SUNDRMFAST
Sunteck Realty Ltd.,CONSTRUCTION,SUNTECK
Supreme Industries Ltd.,INDUSTRIAL MANUFACTURING,SUPREMEIND
Supreme Infrastructure India Ltd.,CONSTRUCTION,SUPREMEINF
Supreme Petrochem Ltd.,CHEMICALS,SUPPETRO
Suven Life Sciences Ltd.,PHARMA,SUVEN
Suzlon Energy Ltd.,INDUSTRIAL MANUFACTURING,SUZLON
Swan Energy Ltd.,CONSTRUCTION,SWANENERGY
Swaraj Engines Ltd.,INDUSTRIAL MANUFACTURING,SWARAJENG
Symphony Ltd.,CONSUMER GOODS,SYMPHONY
Syndicate Bank,FINANCIAL SERVICES,SYNDIBANK
TD Power Systems Ltd.,INDUSTRIAL MANUFACTURING,TDPOWERSYS
TTK Prestige Ltd.,CONSUMER GOODS,TTKPRESTIG
TV Today Network Ltd.,MEDIA & ENTERTAINMENT,TVTODAY
TV18 Broadcast Ltd.,MEDIA & ENTERTAINMENT,TV18BRDCST
TVS Motor Company Ltd.,AUTOMOBILE,TVSMOTOR
Tamil Nadu Newsprint & Papers Ltd.,PAPER,TNPL
Tata Chemicals Ltd.,CHEMICALS,TATACHEM
Tata Coffee Ltd.,CONSUMER GOODS,TATACOFFEE
Tata Communications Ltd.,TELECOM,TATACOMM
Tata Consultancy Services Ltd.,IT,TCS
Tata Elxsi Ltd.,IT,TATAELXSI
Tata Global Beverages Ltd.,CONSUMER GOODS,TATAGLOBAL
Tata Investment Corporation Ltd.,FINANCIAL SERVICES,TATAINVEST
Tata Motors Ltd.,AUTOMOBILE,TATAMOTORS
Tata Power Co. Ltd.,ENERGY,TATAPOWER
Tata Sponge Iron Ltd.,METALS,TATASPONGE
Tata Steel Ltd.,METALS,TATASTEEL
Tech Mahindra Ltd.,IT,TECHM
Techno Elt & Eng Co. Ltd.,CONSTRUCTION,TECHNO
The Ramco Cements Ltd.,CEMENT & CEMENT PRODUCTS,RAMCOCEM
Thermax Ltd.,INDUSTRIAL MANUFACTURING,THERMAX
Thomas Cook (India) Ltd.,SERVICES,THOMASCOOK
Titan Company Ltd.,CONSUMER GOODS,TITAN
Torrent Pharmaceuticals Ltd.,PHARMA,TORNTPHARM
Torrent Power Ltd.,ENERGY,TORNTPOWER
Tree House Education & Accessories Ltd.,SERVICES,TREEHOUSE
Trent Ltd.,CONSUMER GOODS,TRENT
Tribhovandas Bhimji Zaveri Ltd.,CONSUMER GOODS,TBZ
Trident Ltd.,TEXTILES,TRIDENT
Tube Investments of India Ltd.,AUTOMOBILE,TUBEINVEST
UCO Bank,FINANCIAL SERVICES,UCOBANK
UFLEX Ltd.,INDUSTRIAL MANUFACTURING,UFLEX
UPL Ltd.,FERTILISERS & PESTICIDES,UPL
UltraTech Cement Ltd.,CEMENT & CEMENT PRODUCTS,ULTRACEMCO
Unichem Laboratories Ltd.,PHARMA,UNICHEMLAB
Union Bank of India,FINANCIAL SERVICES,UNIONBANK
Unitech Ltd.,CONSTRUCTION,UNITECH
United Breweries Ltd.,CONSUMER GOODS,UBL
United Spirits Ltd.,CONSUMER GOODS,MCDOWELL-N
Usha Martin Ltd.,METALS,USHAMART
Uttam Galva Steels Ltd.,METALS,UTTAMSTL
V.I.P. Industries Ltd.,CONSUMER GOODS,VIPIND
VRL Logistics Ltd.,SERVICES,VRLLOG
VST Industries Ltd.,CONSUMER GOODS,VSTIND
Va Tech Wabag Ltd.,SERVICES,WABAG
Vaibhav Global Ltd.,CONSUMER GOODS,VAIBHAVGBL
Vakrangee Ltd.,IT,VAKRANGEE
Vardhman Textiles Ltd.,TEXTILES,VTL
Vedanta Ltd.,METALS,VEDL
Vesuvius India Ltd.,INDUSTRIAL MANUFACTURING,VESUVIUS
Videocon Industries Ltd.,CONSUMER GOODS,VIDEOIND
Vijaya Bank,FINANCIAL SERVICES,VIJAYABANK
Vinati Organics Ltd.,CHEMICALS,VINATIORGA
Visagar Polytex Ltd.,TEXTILES,VIVIDHA
Voltas Ltd.,CONSTRUCTION,VOLTAS
WABCO India Ltd.,AUTOMOBILE,WABCOINDIA
Welspun Corp Ltd.,METALS,WELCORP
Welspun India Ltd.,TEXTILES,WELSPUNIND
Wheels India Ltd.,AUTOMOBILE,WHEELS
Whirlpool of India Ltd.,CONSUMER GOODS,WHIRLPOOL
Wipro Ltd.,IT,WIPRO
Wockhardt Ltd.,PHARMA,WOCKPHARMA
Yes Bank Ltd.,FINANCIAL SERVICES,YESBANK
Zee Entertainment Enterprises Ltd.,MEDIA & ENTERTAINMENT,ZEEL
Zensar Technolgies Ltd.,IT,ZENSARTECH
Zydus Wellness Ltd.,CONSUMER GOODS,ZYDUSWELL
eClerx Services Ltd.,IT,ECLERX
